Concept,Iteration,S_Chao1,NumberOfPeople,NumberOfTrials,Prior,Tables,Alpha,Posterior,Chain,ProbabilityOfSameTable
Hillary Clinton,1,64.03999999999999,25,36,Simplicity,17,0.16,-654.2123892214718,1,0.11360000000000008
Hillary Clinton,2,61.0,25,36,Simplicity,13,0.16,-650.9720799415007,1,0.19679999999999992
Hillary Clinton,3,50.879999999999995,25,36,Simplicity,12,0.16,-647.6356574611276,1,0.20639999999999994
Hillary Clinton,4,22.759999999999998,25,36,Simplicity,11,0.16,-647.1439959829155,1,0.20959999999999995
Hillary Clinton,5,50.879999999999995,25,36,Simplicity,12,0.16,-649.3754345193191,1,0.20639999999999994
Hillary Clinton,6,10.84,25,36,Simplicity,7,0.16,-644.4950913913743,1,0.4816000000000001
Hillary Clinton,7,13.68,25,36,Simplicity,6,0.16,-634.5158605027375,1,0.5904000000000001
Hillary Clinton,8,3.96,25,36,Simplicity,3,0.16,-629.6020466162317,1,0.8496000000000001
Hillary Clinton,9,10.76,25,36,Simplicity,5,0.16,-629.473879070144,1,0.7120000000000001
Donald Trump,1,15.32,25,36,Simplicity,11,0.16,-640.8788018631977,1,0.22879999999999992
Donald Trump,2,19.0,25,36,Simplicity,7,0.16,-632.9980428320837,1,0.5328000000000002
Donald Trump,3,10.76,25,36,Simplicity,5,0.16,-624.9858945491306,1,0.7120000000000001
Donald Trump,4,3.96,25,36,Simplicity,3,0.16,-622.6715601091558,1,0.8496000000000001
Donald Trump,5,3.96,25,36,Simplicity,3,0.16,-619.6385325568158,1,0.8496000000000001
Donald Trump,6,3.96,25,36,Simplicity,3,0.16,-619.6385325568158,1,0.8496000000000001
Donald Trump,7,2.0,25,36,Simplicity,2,0.16,-619.891798091063,1,0.9232
Donald Trump,8,3.96,25,36,Simplicity,3,0.16,-619.6385325568158,1,0.8496000000000001
Donald Trump,9,2.0,25,36,Simplicity,2,0.16,-619.891798091063,1,0.9232
Joe Biden,1,11.559999999999999,25,36,Simplicity,9,0.16,-625.8362461650236,1,0.2704
Joe Biden,2,10.76,25,36,Simplicity,5,0.16,-610.0719110450054,1,0.7120000000000001
Joe Biden,3,6.88,25,36,Simplicity,4,0.16,-588.6485486171973,1,0.7792000000000001
Joe Biden,4,13.68,25,36,Simplicity,6,0.16,-595.8911294668858,1,0.5904000000000001
Joe Biden,5,3.96,25,36,Simplicity,3,0.16,-590.9552917085656,1,0.8496000000000001
Joe Biden,6,2.0,25,36,Simplicity,2,0.16,-591.6441170296366,1,0.9232
Joe Biden,7,15.6,25,36,Simplicity,6,0.16,-588.8898696490364,1,0.6480000000000004
Joe Biden,8,10.76,25,36,Simplicity,5,0.16,-589.3528072757422,1,0.7120000000000001
Joe Biden,9,6.88,25,36,Simplicity,4,0.16,-588.6485486171973,1,0.7792000000000001
Elizabeth Warren,1,19.173333333333332,25,36,Simplicity,12,0.16,-648.7288621445152,1,0.10400000000000001
Elizabeth Warren,2,11.336666666666666,25,36,Simplicity,10,0.16,-634.2443463687986,1,0.14879999999999996
Elizabeth Warren,3,14.0,25,36,Simplicity,11,0.16,-633.6183410686317,1,0.16159999999999994
Elizabeth Warren,4,11.559999999999999,25,36,Simplicity,9,0.16,-630.9111152433707,1,0.2704
Elizabeth Warren,5,4.48,25,36,Simplicity,4,0.16,-604.0107238570632,1,0.6
Elizabeth Warren,6,6.88,25,36,Simplicity,4,0.16,-591.9502350539714,1,0.7792000000000001
Elizabeth Warren,7,1.0,25,36,Simplicity,1,0.16,-583.1390169673032,1,1.0
Elizabeth Warren,8,2.0,25,36,Simplicity,2,0.16,-584.4137357058792,1,0.9232
Elizabeth Warren,9,1.0,25,36,Simplicity,1,0.16,-583.1390169673032,1,1.0
Ronald Reagan,1,22.399833333333333,25,36,Simplicity,15,0.16,-649.1112555201092,1,0.08480000000000004
Ronald Reagan,2,18.919999999999998,25,36,Simplicity,15,0.16,-653.1242029484258,1,0.07840000000000003
Ronald Reagan,3,22.399833333333333,25,36,Simplicity,15,0.16,-649.5937043414593,1,0.08480000000000004
Ronald Reagan,4,24.72,25,36,Simplicity,15,0.16,-650.4615468889533,1,0.09440000000000004
Ronald Reagan,5,43.04,25,36,Simplicity,14,0.16,-655.8307163264614,1,0.19039999999999993
Ronald Reagan,6,25.28,25,36,Simplicity,8,0.16,-637.1968090929233,1,0.47840000000000005
Ronald Reagan,7,5.92,25,36,Simplicity,4,0.16,-626.4783271997952,1,0.7152
Ronald Reagan,8,13.68,25,36,Simplicity,6,0.16,-629.5718550824497,1,0.5904000000000001
Ronald Reagan,9,5.92,25,36,Simplicity,4,0.16,-626.4783271997952,1,0.7152
Bernie Sanders,1,6.16,25,36,Simplicity,6,0.16,-593.6275156153163,1,0.33120000000000005
Bernie Sanders,2,3.0,25,36,Simplicity,3,0.16,-576.8082297165133,1,0.5648
Bernie Sanders,3,4.48,25,36,Simplicity,4,0.16,-579.3871783989181,1,0.5104000000000002
Bernie Sanders,4,4.24,25,36,Simplicity,4,0.16,-573.9090577067067,1,0.6544000000000001
Bernie Sanders,5,3.48,25,36,Simplicity,3,0.16,-561.7735318084059,1,0.7824
Bernie Sanders,6,5.92,25,36,Simplicity,4,0.16,-562.6472129760458,1,0.7152
Bernie Sanders,7,3.48,25,36,Simplicity,3,0.16,-559.9948512255105,1,0.7824
Bernie Sanders,8,3.48,25,36,Simplicity,3,0.16,-559.9948512255105,1,0.7824
Bernie Sanders,9,2.0,25,36,Simplicity,2,0.16,-559.9736016034932,1,0.8528
George W. Bush,1,35.95916666666666,25,36,Simplicity,11,0.16,-638.6068566820658,1,0.18719999999999995
George W. Bush,2,22.4,25,36,Simplicity,8,0.16,-625.4323859900057,1,0.3632
George W. Bush,3,7.88,25,36,Simplicity,5,0.16,-614.4486703712856,1,0.5072000000000002
George W. Bush,4,4.96,25,36,Simplicity,4,0.16,-615.4009100739647,1,0.6064
George W. Bush,5,3.48,25,36,Simplicity,3,0.16,-608.1571687389663,1,0.7824
George W. Bush,6,3.96,25,36,Simplicity,3,0.16,-606.6780110204319,1,0.8496000000000001
George W. Bush,7,2.0,25,36,Simplicity,2,0.16,-605.799388623611,1,0.9232
George W. Bush,8,2.0,25,36,Simplicity,2,0.16,-609.0514576947568,1,0.9232
George W. Bush,9,6.88,25,36,Simplicity,4,0.16,-607.1666323620767,1,0.7792000000000001
Barack Obama,1,51.879999999999995,25,36,Simplicity,13,0.16,-653.3435178616448,1,0.12640000000000004
Barack Obama,2,19.84,25,36,Simplicity,12,0.16,-646.2342475770865,1,0.1743999999999999
Barack Obama,3,45.56,25,36,Simplicity,11,0.16,-637.1766938998551,1,0.2703999999999999
Barack Obama,4,15.76,25,36,Simplicity,10,0.16,-632.7419708007179,1,0.2992
Barack Obama,5,17.64,25,36,Simplicity,9,0.16,-633.3757895210812,1,0.38239999999999996
Barack Obama,6,10.84,25,36,Simplicity,7,0.16,-620.2181511895863,1,0.4816000000000001
Barack Obama,7,5.92,25,36,Simplicity,4,0.16,-616.5468555538606,1,0.7152
Barack Obama,8,5.92,25,36,Simplicity,4,0.16,-617.7195831117555,1,0.7152
Barack Obama,9,9.32,25,36,Simplicity,5,0.16,-620.3203775845823,1,0.6512000000000002
Abraham Lincoln,1,34.519999999999996,25,36,Simplicity,11,0.16,-612.6437405175774,1,0.16159999999999997
Abraham Lincoln,2,25.72,25,36,Simplicity,10,0.16,-612.7621510709497,1,0.16799999999999995
Abraham Lincoln,3,42.72,25,36,Simplicity,12,0.16,-613.1863464863729,1,0.15199999999999994
Abraham Lincoln,4,31.16,25,36,Simplicity,11,0.16,-613.3047570397453,1,0.15839999999999996
Abraham Lincoln,5,37.879999999999995,25,36,Simplicity,11,0.16,-615.3048455915756,1,0.17119999999999996
Abraham Lincoln,6,21.0,25,36,Simplicity,9,0.16,-615.7087578832455,1,0.19039999999999996
Abraham Lincoln,7,12.76,25,36,Simplicity,7,0.16,-606.12393826615,1,0.27040000000000003
Abraham Lincoln,8,4.96,25,36,Simplicity,4,0.16,-590.4250897678742,1,0.4912
Abraham Lincoln,9,3.0,25,36,Simplicity,3,0.16,-590.9491474591109,1,0.5776
Richard Nixon,1,30.52,25,36,Simplicity,16,0.16,-661.0671761797428,1,0.10080000000000006
Richard Nixon,2,16.6,25,36,Simplicity,7,0.16,-648.4894043477693,1,0.4432
Richard Nixon,3,3.48,25,36,Simplicity,3,0.16,-623.4188225795291,1,0.7824
Richard Nixon,4,3.96,25,36,Simplicity,3,0.16,-620.8952892138057,1,0.8496000000000001
Richard Nixon,5,1.0,25,36,Simplicity,1,0.16,-615.9553265228863,1,1.0
Richard Nixon,6,2.0,25,36,Simplicity,2,0.16,-618.7319777017111,1,0.9232
Richard Nixon,7,6.88,25,36,Simplicity,4,0.16,-622.6535441522515,1,0.7792000000000001
Richard Nixon,8,3.96,25,36,Simplicity,3,0.16,-620.3973831486396,1,0.8496000000000001
Richard Nixon,9,2.0,25,36,Simplicity,2,0.16,-616.5419849830619,1,0.9232
a salmon,1,12.019833333333334,25,36,Simplicity,11,0.16,-608.3748259052,1,0.11680000000000003
a salmon,2,12.325,25,36,Simplicity,10,0.16,-607.0896536727868,1,0.1264
a salmon,3,11.92,25,36,Simplicity,10,0.16,-603.1268426570713,1,0.18719999999999992
a salmon,4,10.08,25,36,Simplicity,9,0.16,-593.4480770497056,1,0.21599999999999997
a salmon,5,10.08,25,36,Simplicity,9,0.16,-593.4480770497056,1,0.21599999999999997
a salmon,6,8.44,25,36,Simplicity,7,0.16,-583.4215678908168,1,0.43360000000000004
a salmon,7,5.16,25,36,Simplicity,5,0.16,-584.4968115345563,1,0.5391999999999999
a salmon,8,5.96,25,36,Simplicity,5,0.16,-581.8985149182495,1,0.5936
a salmon,9,4.24,25,36,Simplicity,4,0.16,-581.0647096509665,1,0.6544000000000001
an eagle,1,26.72,25,36,Simplicity,11,0.16,-645.693022403693,1,0.1296
an eagle,2,42.519999999999996,25,36,Simplicity,13,0.16,-645.4254980289911,1,0.10720000000000003
an eagle,3,40.04958333333333,25,36,Simplicity,15,0.16,-649.1506798599796,1,0.09440000000000004
an eagle,4,32.825,25,36,Simplicity,14,0.16,-652.279885819188,1,0.09440000000000004
an eagle,5,69.22,25,36,Simplicity,14,0.16,-639.8168351658726,1,0.13599999999999995
an eagle,6,28.36,25,36,Simplicity,13,0.16,-643.7185849218802,1,0.13279999999999997
an eagle,7,27.36,25,36,Simplicity,12,0.16,-634.7780137864316,1,0.19999999999999993
an eagle,8,17.64,25,36,Simplicity,9,0.16,-627.70809535349,1,0.38239999999999996
an eagle,9,21.4,25,36,Simplicity,7,0.16,-620.7606223601841,1,0.5872000000000003
a seal,1,10.84,25,36,Simplicity,7,0.16,-570.5076587192033,1,0.4816000000000001
a seal,2,13.68,25,36,Simplicity,6,0.16,-557.1017855460208,1,0.5904000000000001
a seal,3,6.88,25,36,Simplicity,4,0.16,-544.1684271340251,1,0.7792000000000001
a seal,4,3.96,25,36,Simplicity,3,0.16,-544.7743632609692,1,0.8496000000000001
a seal,5,3.96,25,36,Simplicity,3,0.16,-544.7743632609692,1,0.8496000000000001
a seal,6,3.96,25,36,Simplicity,3,0.16,-544.7743632609692,1,0.8496000000000001
a seal,7,2.0,25,36,Simplicity,2,0.16,-545.0495465660938,1,0.9232
a seal,8,1.0,25,36,Simplicity,1,0.16,-546.2226933143057,1,1.0
a seal,9,6.88,25,36,Simplicity,4,0.16,-547.8005292309899,1,0.7792000000000001
an ostrich,1,30.16,25,36,Simplicity,10,0.16,-589.1952877231436,1,0.22559999999999997
an ostrich,2,11.76,25,36,Simplicity,6,0.16,-573.8890823728976,1,0.5392000000000001
an ostrich,3,7.88,25,36,Simplicity,5,0.16,-562.5802389127674,1,0.5968000000000001
an ostrich,4,4.96,25,36,Simplicity,4,0.16,-560.1276241942127,1,0.6576000000000002
an ostrich,5,6.88,25,36,Simplicity,4,0.16,-554.3723610094696,1,0.7792000000000001
an ostrich,6,6.88,25,36,Simplicity,4,0.16,-554.3723610094696,1,0.7792000000000001
an ostrich,7,6.88,25,36,Simplicity,4,0.16,-554.3723610094696,1,0.7792000000000001
an ostrich,8,3.96,25,36,Simplicity,3,0.16,-555.1537566989472,1,0.8496000000000001
an ostrich,9,3.96,25,36,Simplicity,3,0.16,-555.1537566989472,1,0.8496000000000001
a whale,1,15.68,25,36,Simplicity,8,0.16,-531.7136326354535,1,0.21279999999999996
a whale,2,5.96,25,36,Simplicity,5,0.16,-508.05614315514794,1,0.4176
a whale,3,6.92,25,36,Simplicity,5,0.16,-499.0549384705497,1,0.4976000000000001
a whale,4,9.32,25,36,Simplicity,5,0.16,-493.28030902451536,1,0.6512000000000002
a whale,5,3.96,25,36,Simplicity,3,0.16,-473.87767266764763,1,0.8496000000000001
a whale,6,2.0,25,36,Simplicity,2,0.16,-473.2890843043237,1,0.9232
a whale,7,3.96,25,36,Simplicity,3,0.16,-473.87767266764763,1,0.8496000000000001
a whale,8,3.96,25,36,Simplicity,3,0.16,-473.87767266764763,1,0.8496000000000001
a whale,9,2.0,25,36,Simplicity,2,0.16,-473.2890843043237,1,0.9232
a chicken,1,14.68,25,36,Simplicity,7,0.16,-537.1061425381928,1,0.4368
a chicken,2,10.76,25,36,Simplicity,5,0.16,-522.3413684017271,1,0.7120000000000001
a chicken,3,15.6,25,36,Simplicity,6,0.16,-518.4153445855287,1,0.6480000000000004
a chicken,4,3.96,25,36,Simplicity,3,0.16,-518.0514748537859,1,0.8496000000000001
a chicken,5,3.96,25,36,Simplicity,3,0.16,-518.0514748537859,1,0.8496000000000001
a chicken,6,6.88,25,36,Simplicity,4,0.16,-516.981147487862,1,0.7792000000000001
a chicken,7,6.88,25,36,Simplicity,4,0.16,-519.6476133435003,1,0.7792000000000001
a chicken,8,10.76,25,36,Simplicity,5,0.16,-518.6169737281409,1,0.7120000000000001
a chicken,9,10.76,25,36,Simplicity,5,0.16,-518.5774914790437,1,0.7120000000000001
a penguin,1,22.759999999999998,25,36,Simplicity,11,0.16,-623.9541305899673,1,0.20959999999999995
a penguin,2,9.16,25,36,Simplicity,7,0.16,-628.6958664278055,1,0.392
a penguin,3,10.32,25,36,Simplicity,6,0.16,-613.9986706589239,1,0.4880000000000001
a penguin,4,6.92,25,36,Simplicity,5,0.16,-611.6929850558421,1,0.4976000000000001
a penguin,5,10.32,25,36,Simplicity,6,0.16,-612.3676567380851,1,0.4464
a penguin,6,6.92,25,36,Simplicity,5,0.16,-613.7643596545171,1,0.4976000000000001
a penguin,7,4.48,25,36,Simplicity,4,0.16,-610.8078241757814,1,0.6
a penguin,8,5.92,25,36,Simplicity,4,0.16,-609.5553035428967,1,0.7152
a penguin,9,3.96,25,36,Simplicity,3,0.16,-600.6921608561271,1,0.8496000000000001
a robin,1,8.879999999999999,25,36,Simplicity,6,0.16,-496.94315632924963,1,0.3088
a robin,2,6.92,25,36,Simplicity,5,0.16,-495.73793388158464,1,0.3824
a robin,3,7.88,25,36,Simplicity,5,0.16,-477.05429169124284,1,0.4208
a robin,4,7.88,25,36,Simplicity,5,0.16,-478.27490853597203,1,0.4432
a robin,5,7.88,25,36,Simplicity,5,0.16,-477.98115261763854,1,0.5072000000000002
a robin,6,7.88,25,36,Simplicity,5,0.16,-476.8132703080754,1,0.472
a robin,7,7.88,25,36,Simplicity,5,0.16,-476.8132703080754,1,0.472
a robin,8,3.0,25,36,Simplicity,3,0.16,-476.6933307711754,1,0.7215999999999999
a robin,9,9.32,25,36,Simplicity,5,0.16,-473.5743327342196,1,0.6512000000000002
a finch,1,22.759999999999998,25,36,Simplicity,11,0.16,-586.7900408855261,1,0.18079999999999993
a finch,2,22.759999999999998,25,36,Simplicity,11,0.16,-591.157440219146,1,0.2319999999999999
a finch,3,21.759999999999998,25,36,Simplicity,10,0.16,-575.849443503168,1,0.3376
a finch,4,49.879999999999995,25,36,Simplicity,11,0.16,-578.3221064502466,1,0.3344
a finch,5,17.64,25,36,Simplicity,9,0.16,-570.2041133466115,1,0.38239999999999996
a finch,6,17.64,25,36,Simplicity,9,0.16,-570.2041133466115,1,0.38239999999999996
a finch,7,14.0,25,36,Simplicity,8,0.16,-573.3381568344658,1,0.4304
a finch,8,17.64,25,36,Simplicity,9,0.16,-570.2041133466115,1,0.38239999999999996
a finch,9,40.72,25,36,Simplicity,10,0.16,-572.6767762936901,1,0.3791999999999999
a dolphin,1,9.16,25,36,Simplicity,7,0.16,-511.54451324533676,1,0.392
a dolphin,2,2.0,25,36,Simplicity,2,0.16,-471.27324469874895,1,0.9232
a dolphin,3,3.96,25,36,Simplicity,3,0.16,-461.71889121486566,1,0.8496000000000001
a dolphin,4,6.88,25,36,Simplicity,4,0.16,-460.93467644533905,1,0.7792000000000001
a dolphin,5,3.96,25,36,Simplicity,3,0.16,-461.1421966877736,1,0.8496000000000001
a dolphin,6,1.0,25,36,Simplicity,1,0.16,-458.2274833220238,1,1.0
a dolphin,7,1.0,25,36,Simplicity,1,0.16,-458.2274833220238,1,1.0
a dolphin,8,2.0,25,36,Simplicity,2,0.16,-459.43602955582224,1,0.9232
a dolphin,9,6.88,25,36,Simplicity,4,0.16,-460.93467644533905,1,0.7792000000000001
Hillary Clinton,1,36.54131632653061,50,36,Simplicity,22,0.16,-1311.7976014881392,1,0.084
Hillary Clinton,2,39.97130527210884,50,36,Simplicity,19,0.16,-1287.4630192549416,1,0.12560000000000002
Hillary Clinton,3,24.005,50,36,Simplicity,12,0.16,-1255.681339142992,1,0.2624000000000001
Hillary Clinton,4,20.25,50,36,Simplicity,8,0.16,-1239.6595625168359,1,0.4984000000000001
Hillary Clinton,5,10.41,50,36,Simplicity,6,0.16,-1227.31073154452,1,0.6255999999999999
Hillary Clinton,6,9.41,50,36,Simplicity,5,0.16,-1192.516396663473,1,0.8128
Hillary Clinton,7,5.96,50,36,Simplicity,4,0.16,-1196.9310192911896,1,0.8488
Hillary Clinton,8,3.98,50,36,Simplicity,3,0.16,-1190.598573993626,1,0.9223999999999999
Hillary Clinton,9,3.98,50,36,Simplicity,3,0.16,-1187.0872038148045,1,0.9223999999999999
Donald Trump,1,23.473118279569896,31,36,Simplicity,16,0.16,-818.496924464614,1,0.09261186264308015
Donald Trump,2,15.419354838709678,31,36,Simplicity,13,0.16,-792.7073564808635,1,0.12799167533818936
Donald Trump,3,14.024193548387096,31,36,Simplicity,11,0.16,-793.8246788544974,1,0.2237252861602497
Donald Trump,4,41.96774193548387,31,36,Simplicity,11,0.16,-791.517245320227,1,0.32986472424557745
Donald Trump,5,3.0,31,36,Simplicity,3,0.16,-771.0753155462153,1,0.6774193548387095
Donald Trump,6,2.0,31,36,Simplicity,2,0.16,-765.4899577148797,1,0.729448491155047
Donald Trump,7,3.0,31,36,Simplicity,3,0.16,-767.1243134331403,1,0.6774193548387096
Donald Trump,8,2.0,31,36,Simplicity,2,0.16,-765.4899577148797,1,0.729448491155047
Donald Trump,9,2.0,31,36,Simplicity,2,0.16,-765.4899577148797,1,0.729448491155047
Joe Biden,1,58.33097165991903,39,36,Simplicity,16,0.16,-988.1637958031787,1,0.12689020381328076
Joe Biden,2,19.769230769230766,39,36,Simplicity,11,0.16,-946.6034903505988,1,0.36883629191321493
Joe Biden,3,14.794871794871796,39,36,Simplicity,7,0.16,-909.1722679308341,1,0.6028928336620646
Joe Biden,4,3.0,39,36,Simplicity,3,0.16,-894.9232035308278,1,0.811965811965812
Joe Biden,5,2.0,39,36,Simplicity,2,0.16,-892.9453497129143,1,0.8579881656804735
Joe Biden,6,3.0,39,36,Simplicity,3,0.16,-896.372590724942,1,0.8119658119658121
Joe Biden,7,4.9743589743589745,39,36,Simplicity,4,0.16,-893.7554628313567,1,0.7672583826429982
Joe Biden,8,7.923076923076923,39,36,Simplicity,5,0.16,-897.2945487536616,1,0.7238658777120317
Joe Biden,9,4.9743589743589745,39,36,Simplicity,4,0.16,-893.6840932781026,1,0.7672583826429982
Elizabeth Warren,1,14.598290598290598,39,36,Simplicity,12,0.16,-974.4075194358262,1,0.14398422090729787
Elizabeth Warren,2,16.794871794871796,39,36,Simplicity,9,0.16,-954.4323641225487,1,0.25312294543063774
Elizabeth Warren,3,11.846153846153847,39,36,Simplicity,6,0.16,-930.9204794868477,1,0.4451019066403682
Elizabeth Warren,4,3.0,39,36,Simplicity,3,0.16,-914.0348086477233,1,0.522682445759369
Elizabeth Warren,5,2.0,39,36,Simplicity,2,0.16,-905.2494362929411,1,0.6449704142011835
Elizabeth Warren,6,3.0,39,36,Simplicity,3,0.16,-902.5692995873983,1,0.606837606837607
Elizabeth Warren,7,3.0,39,36,Simplicity,3,0.16,-898.5837761468495,1,0.6646942800788954
Elizabeth Warren,8,2.0,39,36,Simplicity,2,0.16,-902.2325656461057,1,0.7054569362261669
Elizabeth Warren,9,2.0,39,36,Simplicity,2,0.16,-900.0858862661914,1,0.7396449704142012
Ronald Reagan,1,34.07272727272728,44,36,Simplicity,20,0.16,-1132.924421939945,1,0.10537190082644625
Ronald Reagan,2,24.91590909090909,44,36,Simplicity,17,0.16,-1126.7721704869937,1,0.12706611570247936
Ronald Reagan,3,19.928184460887948,44,36,Simplicity,13,0.16,-1124.6415539080108,1,0.19008264462809923
Ronald Reagan,4,15.071969696969697,44,36,Simplicity,11,0.16,-1107.9964599990326,1,0.27479338842975204
Ronald Reagan,5,12.90909090909091,44,36,Simplicity,9,0.16,-1088.6161843019297,1,0.42768595041322305
Ronald Reagan,6,11.90909090909091,44,36,Simplicity,8,0.16,-1071.5343683446117,1,0.515495867768595
Ronald Reagan,7,9.198863636363637,44,36,Simplicity,7,0.16,-1071.366765509195,1,0.5764462809917354
Ronald Reagan,8,5.954545454545455,44,36,Simplicity,4,0.16,-1055.0308201096082,1,0.8295454545454545
Ronald Reagan,9,6.931818181818182,44,36,Simplicity,4,0.16,-1049.51135714,1,0.8698347107438015
Bernie Sanders,1,14.1025,50,36,Simplicity,13,0.16,-1220.5696564814734,1,0.16960000000000003
Bernie Sanders,2,11.613333333333333,50,36,Simplicity,9,0.16,-1139.9877971594342,1,0.48320000000000013
Bernie Sanders,3,5.245,50,36,Simplicity,5,0.16,-1103.0217586976576,1,0.7127999999999999
Bernie Sanders,4,4.245,50,36,Simplicity,4,0.16,-1088.2792255668955,1,0.8136
Bernie Sanders,5,4.245,50,36,Simplicity,4,0.16,-1088.2792255668955,1,0.8136
Bernie Sanders,6,3.0,50,36,Simplicity,3,0.16,-1089.678158900497,1,0.8496
Bernie Sanders,7,3.0,50,36,Simplicity,3,0.16,-1089.678158900497,1,0.8496
Bernie Sanders,8,5.98,50,36,Simplicity,5,0.16,-1092.0540155649849,1,0.7783999999999999
Bernie Sanders,9,5.98,50,36,Simplicity,5,0.16,-1091.453855319705,1,0.7783999999999999
George W. Bush,1,34.10755102040817,50,36,Simplicity,18,0.16,-1272.5727514503528,1,0.1072
George W. Bush,2,21.82,50,36,Simplicity,13,0.16,-1236.9626399963129,1,0.16880000000000006
George W. Bush,3,17.88,50,36,Simplicity,12,0.16,-1208.0974174734888,1,0.30640000000000006
George W. Bush,4,10.41,50,36,Simplicity,6,0.16,-1162.3779185882202,1,0.5999999999999999
George W. Bush,5,3.0,50,36,Simplicity,3,0.16,-1144.5782268660969,1,0.7543999999999998
George W. Bush,6,2.0,50,36,Simplicity,2,0.16,-1144.2830526771334,1,0.8528
George W. Bush,7,4.98,50,36,Simplicity,4,0.16,-1142.7848180543544,1,0.7815999999999999
George W. Bush,8,2.0,50,36,Simplicity,2,0.16,-1138.2754643661608,1,0.8872
George W. Bush,9,1.0,50,36,Simplicity,1,0.16,-1129.6588882101225,1,1.0
Barack Obama,1,42.439193349753694,29,36,Simplicity,18,0.16,-767.909874943862,1,0.07728894173602852
Barack Obama,2,52.10344827586207,29,36,Simplicity,13,0.16,-752.2429142076847,1,0.15101070154577892
Barack Obama,3,23.82758620689655,29,36,Simplicity,12,0.16,-746.96449801693,1,0.1533888228299644
Barack Obama,4,12.574712643678161,29,36,Simplicity,10,0.16,-754.4336384733633,1,0.1747919143876338
Barack Obama,5,9.172413793103448,29,36,Simplicity,7,0.16,-725.2231730320312,1,0.41736028537455405
Barack Obama,6,10.862068965517242,29,36,Simplicity,7,0.16,-717.2552903608865,1,0.5386444708680145
Barack Obama,7,6.896551724137931,29,36,Simplicity,4,0.16,-708.528674193509,1,0.8073721759809752
Barack Obama,8,3.4827586206896552,29,36,Simplicity,3,0.16,-706.0560112464303,1,0.8097502972651607
Barack Obama,9,2.0,29,36,Simplicity,2,0.16,-707.2098896456804,1,0.9334126040428063
Abraham Lincoln,1,31.334591836734692,50,36,Simplicity,14,0.16,-1191.4351291973933,1,0.2136
Abraham Lincoln,2,8.94,50,36,Simplicity,6,0.16,-1132.702163866471,1,0.44320000000000004
Abraham Lincoln,3,4.98,50,36,Simplicity,4,0.16,-1102.548631128175,1,0.5264
Abraham Lincoln,4,3.0,50,36,Simplicity,3,0.16,-1101.3617787954267,1,0.5687999999999999
Abraham Lincoln,5,4.98,50,36,Simplicity,4,0.16,-1103.4640661931353,1,0.5583999999999999
Abraham Lincoln,6,2.0,50,36,Simplicity,2,0.16,-1095.859875602304,1,0.6800000000000002
Abraham Lincoln,7,3.0,50,36,Simplicity,3,0.16,-1097.1254035311795,1,0.6983999999999998
Abraham Lincoln,8,2.0,50,36,Simplicity,2,0.16,-1093.0578405888814,1,0.7591999999999999
Abraham Lincoln,9,2.0,50,36,Simplicity,2,0.16,-1085.528399818869,1,0.8872
Richard Nixon,1,36.10755102040817,50,36,Simplicity,20,0.16,-1301.7420258882244,1,0.08560000000000001
Richard Nixon,2,18.802,50,36,Simplicity,14,0.16,-1255.483363415223,1,0.3744
Richard Nixon,3,9.41,50,36,Simplicity,5,0.16,-1181.7407895709744,1,0.8128
Richard Nixon,4,2.0,50,36,Simplicity,2,0.16,-1169.4721308556432,1,0.9232
Richard Nixon,5,3.49,50,36,Simplicity,3,0.16,-1170.9726677081642,1,0.8855999999999999
Richard Nixon,6,2.0,50,36,Simplicity,2,0.16,-1169.4721308556432,1,0.9232
Richard Nixon,7,2.0,50,36,Simplicity,2,0.16,-1165.8705302237397,1,0.9607999999999999
Richard Nixon,8,2.0,50,36,Simplicity,2,0.16,-1167.021163640137,1,0.9607999999999999
Richard Nixon,9,2.0,50,36,Simplicity,2,0.16,-1166.853111525431,1,0.9607999999999999
a salmon,1,18.88,50,36,Simplicity,13,0.16,-1216.2235555612272,1,0.2992000000000001
a salmon,2,15.125,50,36,Simplicity,9,0.16,-1173.3743624734414,1,0.5863999999999999
a salmon,3,8.205,50,36,Simplicity,6,0.16,-1155.967282609907,1,0.7439999999999999
a salmon,4,5.96,50,36,Simplicity,4,0.16,-1141.7136371249828,1,0.8488
a salmon,5,13.84,50,36,Simplicity,6,0.16,-1145.293928012339,1,0.7775999999999998
a salmon,6,25.64,50,36,Simplicity,8,0.16,-1148.7922666255847,1,0.7095999999999997
a salmon,7,13.84,50,36,Simplicity,6,0.16,-1148.425068588085,1,0.7775999999999998
a salmon,8,5.96,50,36,Simplicity,4,0.16,-1141.7136371249828,1,0.8488
a salmon,9,9.41,50,36,Simplicity,5,0.16,-1142.146976664497,1,0.8128
an eagle,1,10.392,50,36,Simplicity,10,0.16,-1228.0200313484042,1,0.3616
an eagle,2,11.92,50,36,Simplicity,8,0.16,-1196.9147120762163,1,0.5887999999999999
an eagle,3,5.98,50,36,Simplicity,5,0.16,-1180.2787145569753,1,0.7784
an eagle,4,5.96,50,36,Simplicity,4,0.16,-1173.2097231858618,1,0.8488
an eagle,5,2.0,50,36,Simplicity,2,0.16,-1166.4427926085114,1,0.9232
an eagle,6,3.49,50,36,Simplicity,3,0.16,-1165.801665378117,1,0.8855999999999999
an eagle,7,1.0,50,36,Simplicity,1,0.16,-1164.9266954443046,1,1.0
an eagle,8,1.0,50,36,Simplicity,1,0.16,-1164.9266954443046,1,1.0
an eagle,9,2.0,50,36,Simplicity,2,0.16,-1163.6919076210918,1,0.9607999999999999
a seal,1,18.083333333333336,50,36,Simplicity,14,0.16,-1194.3161782863688,1,0.14
a seal,2,11.47,50,36,Simplicity,10,0.16,-1168.9063120563176,1,0.2536
a seal,3,10.449183673469388,50,36,Simplicity,8,0.16,-1159.7436817707521,1,0.304
a seal,4,10.47,50,36,Simplicity,9,0.16,-1161.8521683961455,1,0.32
a seal,5,11.41,50,36,Simplicity,7,0.16,-1139.5317210492294,1,0.3472
a seal,6,9.205,50,36,Simplicity,7,0.16,-1124.072859521868,1,0.37600000000000006
a seal,7,10.41,50,36,Simplicity,6,0.16,-1122.3058896858606,1,0.4416
a seal,8,14.84,50,36,Simplicity,7,0.16,-1120.4014412724327,1,0.4104000000000001
a seal,9,6.96,50,36,Simplicity,5,0.16,-1116.9241094471963,1,0.4544
an ostrich,1,34.58,50,36,Simplicity,14,0.16,-1164.5695056504517,1,0.12239999999999998
an ostrich,2,19.281823979591838,50,36,Simplicity,11,0.16,-1131.4079370432207,1,0.25120000000000003
an ostrich,3,21.004591836734694,50,36,Simplicity,11,0.16,-1105.3901451127374,1,0.4512000000000001
an ostrich,4,13.84,50,36,Simplicity,6,0.16,-1059.3717233577943,1,0.7775999999999998
an ostrich,5,15.8,50,36,Simplicity,6,0.16,-1053.923589067979,1,0.8119999999999998
an ostrich,6,6.9399999999999995,50,36,Simplicity,4,0.16,-1050.9059468455096,1,0.8847999999999998
an ostrich,7,6.9399999999999995,50,36,Simplicity,4,0.16,-1048.7956634629647,1,0.8847999999999998
an ostrich,8,6.9399999999999995,50,36,Simplicity,4,0.16,-1050.9059468455096,1,0.8847999999999998
an ostrich,9,6.9399999999999995,50,36,Simplicity,4,0.16,-1048.7956634629647,1,0.8847999999999998
a whale,1,12.94,50,36,Simplicity,10,0.16,-1015.6016814096007,1,0.18400000000000005
a whale,2,9.96,50,36,Simplicity,8,0.16,-986.6098233869222,1,0.28080000000000005
a whale,3,6.98,50,36,Simplicity,6,0.16,-960.0716917828624,1,0.36160000000000003
a whale,4,5.98,50,36,Simplicity,5,0.16,-952.5655754239133,1,0.44320000000000004
a whale,5,5.98,50,36,Simplicity,5,0.16,-952.2414906546815,1,0.4816000000000001
a whale,6,5.98,50,36,Simplicity,5,0.16,-947.4108855283813,1,0.5992
a whale,7,9.41,50,36,Simplicity,5,0.16,-925.7772450784458,1,0.8128
a whale,8,3.98,50,36,Simplicity,3,0.16,-908.7109398224422,1,0.9223999999999999
a whale,9,3.98,50,36,Simplicity,3,0.16,-908.7109398224422,1,0.9223999999999999
a chicken,1,30.52,50,36,Simplicity,13,0.16,-1042.54757390271,1,0.14800000000000008
a chicken,2,25.7,50,36,Simplicity,11,0.16,-1004.8865178666408,1,0.19440000000000013
a chicken,3,10.94,50,36,Simplicity,8,0.16,-997.4550939506045,1,0.2088
a chicken,4,10.94,50,36,Simplicity,8,0.16,-997.0271838300491,1,0.20160000000000006
a chicken,5,10.94,50,36,Simplicity,8,0.16,-995.2344346253551,1,0.19520000000000004
a chicken,6,10.94,50,36,Simplicity,8,0.16,-994.4539646708008,1,0.20000000000000007
a chicken,7,9.94,50,36,Simplicity,7,0.16,-978.8251867215432,1,0.268
a chicken,8,18.8,50,36,Simplicity,9,0.16,-976.3356585676095,1,0.2856000000000001
a chicken,9,18.8,50,36,Simplicity,9,0.16,-972.6896145669327,1,0.3392000000000001
a penguin,1,19.125,50,36,Simplicity,13,0.16,-1216.950238774029,1,0.19440000000000004
a penguin,2,18.88,50,36,Simplicity,13,0.16,-1192.4444076172435,1,0.25200000000000006
a penguin,3,13.568,50,36,Simplicity,12,0.16,-1172.6034970137166,1,0.3032
a penguin,4,16.125,50,36,Simplicity,10,0.16,-1164.3409321550319,1,0.41280000000000006
a penguin,5,6.98,50,36,Simplicity,6,0.16,-1142.9638705962939,1,0.5959999999999999
a penguin,6,6.98,50,36,Simplicity,6,0.16,-1142.3973932100953,1,0.5711999999999998
a penguin,7,11.41,50,36,Simplicity,7,0.16,-1147.7924975347291,1,0.5391999999999998
a penguin,8,10.41,50,36,Simplicity,6,0.16,-1135.6021810392083,1,0.6815999999999998
a penguin,9,10.41,50,36,Simplicity,6,0.16,-1135.4781812374401,1,0.7119999999999999
a robin,1,35.845,50,36,Simplicity,16,0.16,-1057.3870963779104,1,0.1208
a robin,2,25.7,50,36,Simplicity,11,0.16,-1018.5770678897932,1,0.18400000000000008
a robin,3,19.8,50,36,Simplicity,10,0.16,-1009.1177587196215,1,0.20640000000000008
a robin,4,14.879999999999999,50,36,Simplicity,9,0.16,-1018.4264871356114,1,0.22880000000000006
a robin,5,18.8,50,36,Simplicity,9,0.16,-1016.5670319809633,1,0.2624000000000001
a robin,6,23.7,50,36,Simplicity,9,0.16,-1006.655644536937,1,0.3256000000000001
a robin,7,14.84,50,36,Simplicity,7,0.16,-984.3122560062454,1,0.5951999999999998
a robin,8,7.9399999999999995,50,36,Simplicity,5,0.16,-972.167996609129,1,0.6111999999999999
a robin,9,11.879999999999999,50,36,Simplicity,6,0.16,-971.1440692205373,1,0.5399999999999998
a finch,1,67.0,50,36,Simplicity,18,0.16,-1150.615737781129,1,0.11759999999999998
a finch,2,67.14682397959184,50,36,Simplicity,17,0.16,-1147.329046791296,1,0.13600000000000012
a finch,3,31.937295918367347,50,36,Simplicity,13,0.16,-1143.7199352319037,1,0.16560000000000005
a finch,4,37.01,50,36,Simplicity,13,0.16,-1139.4218177768078,1,0.19040000000000004
a finch,5,17.125,50,36,Simplicity,11,0.16,-1116.7359517994998,1,0.29120000000000007
a finch,6,21.25,50,36,Simplicity,9,0.16,-1094.7378458324183,1,0.4840000000000001
a finch,7,12.879999999999999,50,36,Simplicity,7,0.16,-1074.8827384216931,1,0.5671999999999998
a finch,8,9.645,50,36,Simplicity,6,0.16,-1072.648469515534,1,0.6512
a finch,9,7.9399999999999995,50,36,Simplicity,5,0.16,-1062.921211746897,1,0.7471999999999998
a dolphin,1,13.449183673469388,50,36,Simplicity,11,0.16,-1016.9836040925757,1,0.16560000000000002
a dolphin,2,12.879999999999999,50,36,Simplicity,7,0.16,-911.0894787622357,1,0.48080000000000006
a dolphin,3,3.0,50,36,Simplicity,3,0.16,-865.5274364717176,1,0.7512
a dolphin,4,3.0,50,36,Simplicity,3,0.16,-862.0230013815302,1,0.7512
a dolphin,5,3.0,50,36,Simplicity,3,0.16,-858.1610571633371,1,0.8496000000000001
a dolphin,6,2.0,50,36,Simplicity,2,0.16,-848.47681215003,1,0.8872
a dolphin,7,2.0,50,36,Simplicity,2,0.16,-843.4782773410703,1,0.9232
a dolphin,8,3.49,50,36,Simplicity,3,0.16,-850.5263857170563,1,0.8855999999999999
a dolphin,9,2.0,50,36,Simplicity,2,0.16,-843.4782773410703,1,0.9232
Hillary Clinton,1,50.894654088050316,54,36,Simplicity,24,0.16,-1386.9735776059533,1,0.1474622770919066
Hillary Clinton,2,28.703703703703702,54,36,Simplicity,13,0.16,-1329.0872246127149,1,0.45610425240054864
Hillary Clinton,3,8.208333333333334,54,36,Simplicity,6,0.16,-1291.2769399495864,1,0.7613168724279835
Hillary Clinton,4,3.0,54,36,Simplicity,3,0.16,-1284.033875708788,1,0.860082304526749
Hillary Clinton,5,4.24537037037037,54,36,Simplicity,4,0.16,-1284.7848306250671,1,0.8264746227709191
Hillary Clinton,6,13.851851851851851,54,36,Simplicity,6,0.16,-1288.1353850229007,1,0.792866941015089
Hillary Clinton,7,6.944444444444445,54,36,Simplicity,4,0.16,-1280.172877517876,1,0.8930041152263374
Hillary Clinton,8,1.0,54,36,Simplicity,1,0.16,-1273.4372988204245,1,1.0
Hillary Clinton,9,3.9814814814814814,54,36,Simplicity,3,0.16,-1277.3084915503023,1,0.92798353909465
Donald Trump,1,25.85483870967742,31,36,Simplicity,14,0.16,-805.0643896750835,1,0.10718002081165455
Donald Trump,2,23.838709677419356,31,36,Simplicity,16,0.16,-797.2825309318202,1,0.10718002081165456
Donald Trump,3,25.798387096774192,31,36,Simplicity,16,0.16,-795.5140816838983,1,0.09885535900104062
Donald Trump,4,26.2247311827957,31,36,Simplicity,13,0.16,-798.687102213568,1,0.13423517169614976
Donald Trump,5,17.048387096774192,31,36,Simplicity,11,0.16,-802.7127899822335,1,0.173777315296566
Donald Trump,6,17.67741935483871,31,36,Simplicity,8,0.16,-791.5322195630041,1,0.3485952133194588
Donald Trump,7,3.0,31,36,Simplicity,3,0.16,-770.9053925535479,1,0.721123829344433
Donald Trump,8,3.0,31,36,Simplicity,3,0.16,-766.2692570025421,1,0.6774193548387096
Donald Trump,9,2.0,31,36,Simplicity,2,0.16,-767.120457487146,1,0.8251821019771071
Joe Biden,1,18.769230769230766,39,36,Simplicity,10,0.16,-930.7581571026575,1,0.43063773833004604
Joe Biden,2,10.384615384615383,39,36,Simplicity,6,0.16,-902.487521394298,1,0.6423405654174885
Joe Biden,3,13.794871794871796,39,36,Simplicity,6,0.16,-897.262006845371,1,0.7212360289283368
Joe Biden,4,2.0,39,36,Simplicity,2,0.16,-892.9453497129143,1,0.8579881656804735
Joe Biden,5,7.923076923076923,39,36,Simplicity,5,0.16,-897.4179676197135,1,0.7238658777120317
Joe Biden,6,2.0,39,36,Simplicity,2,0.16,-892.9453497129143,1,0.8579881656804735
Joe Biden,7,2.0,39,36,Simplicity,2,0.16,-892.9453497129143,1,0.8579881656804735
Joe Biden,8,11.846153846153847,39,36,Simplicity,6,0.16,-895.7668538849338,1,0.6817882971729127
Joe Biden,9,11.846153846153847,39,36,Simplicity,6,0.16,-898.0631836832614,1,0.6817882971729127
Elizabeth Warren,1,10.434547908232119,39,36,Simplicity,8,0.16,-948.9667162086482,1,0.2347140039447732
Elizabeth Warren,2,6.948717948717949,39,36,Simplicity,5,0.16,-923.2819917286855,1,0.40959894806048647
Elizabeth Warren,3,3.0,39,36,Simplicity,3,0.16,-919.5827895289457,1,0.452991452991453
Elizabeth Warren,4,4.487179487179487,39,36,Simplicity,4,0.16,-918.2891449034067,1,0.45036160420775806
Elizabeth Warren,5,6.948717948717949,39,36,Simplicity,5,0.16,-918.8983429663051,1,0.4621959237343853
Elizabeth Warren,6,4.487179487179487,39,36,Simplicity,4,0.16,-909.7516082229168,1,0.5358316896778436
Elizabeth Warren,7,3.0,39,36,Simplicity,3,0.16,-904.4665819081038,1,0.6581196581196581
Elizabeth Warren,8,3.0,39,36,Simplicity,3,0.16,-897.6237876138526,1,0.7291255752794215
Elizabeth Warren,9,3.0,39,36,Simplicity,3,0.16,-896.5072940256732,1,0.7291255752794215
Ronald Reagan,1,26.592758985200845,44,36,Simplicity,22,0.16,-1164.366915748919,1,0.06611570247933882
Ronald Reagan,2,25.59659090909091,44,36,Simplicity,19,0.16,-1149.1126809486354,1,0.10330578512396692
Ronald Reagan,3,22.81818181818182,44,36,Simplicity,15,0.16,-1115.055285586886,1,0.209710743801653
Ronald Reagan,4,11.563636363636364,44,36,Simplicity,10,0.16,-1082.5592391249081,1,0.4772727272727272
Ronald Reagan,5,6.651515151515151,44,36,Simplicity,6,0.16,-1059.1107292123502,1,0.6766528925619836
Ronald Reagan,6,5.9772727272727275,44,36,Simplicity,5,0.16,-1053.302910795867,1,0.7510330578512397
Ronald Reagan,7,3.4886363636363638,44,36,Simplicity,3,0.16,-1050.4670528101635,1,0.8708677685950412
Ronald Reagan,8,3.9772727272727275,44,36,Simplicity,3,0.16,-1051.8613727763707,1,0.9121900826446282
Ronald Reagan,9,1.0,44,36,Simplicity,1,0.16,-1043.6101822312808,1,1.0
Bernie Sanders,1,16.966101694915253,59,36,Simplicity,15,0.16,-1393.3337841111472,1,0.2002298190175238
Bernie Sanders,2,21.028248587570623,59,36,Simplicity,13,0.16,-1342.6952690693895,1,0.3927032461936226
Bernie Sanders,3,11.932203389830509,59,36,Simplicity,8,0.16,-1303.4511731370862,1,0.5736857224935364
Bernie Sanders,4,10.423728813559322,59,36,Simplicity,6,0.16,-1291.0304197610149,1,0.6989370870439529
Bernie Sanders,5,5.966101694915254,59,36,Simplicity,4,0.16,-1266.230093635004,1,0.8707268026429187
Bernie Sanders,6,3.983050847457627,59,36,Simplicity,3,0.16,-1257.869222011285,1,0.9339270324619362
Bernie Sanders,7,3.983050847457627,59,36,Simplicity,3,0.16,-1259.266599055159,1,0.9339270324619362
Bernie Sanders,8,2.0,59,36,Simplicity,2,0.16,-1251.9145858226652,1,0.9666762424590636
Bernie Sanders,9,2.0,59,36,Simplicity,2,0.16,-1251.9145858226652,1,0.9666762424590636
George W. Bush,1,16.044753086419753,54,36,Simplicity,14,0.16,-1322.9103755960682,1,0.2942386831275719
George W. Bush,2,26.666666666666668,54,36,Simplicity,9,0.16,-1264.468306840773,1,0.588477366255144
George W. Bush,3,6.962962962962963,54,36,Simplicity,5,0.16,-1249.2659807401392,1,0.733196159122085
George W. Bush,4,9.416666666666668,54,36,Simplicity,5,0.16,-1241.1403896162851,1,0.8257887517146776
George W. Bush,5,1.0,54,36,Simplicity,1,0.16,-1225.005121766907,1,1.0
George W. Bush,6,3.9814814814814814,54,36,Simplicity,3,0.16,-1231.1508331035275,1,0.92798353909465
George W. Bush,7,3.9814814814814814,54,36,Simplicity,3,0.16,-1229.5610368706507,1,0.92798353909465
George W. Bush,8,1.0,54,36,Simplicity,1,0.16,-1225.005121766907,1,1.0
George W. Bush,9,2.0,54,36,Simplicity,2,0.16,-1225.6271162916812,1,0.9636488340192044
Barack Obama,1,26.773891625615764,29,36,Simplicity,17,0.16,-754.8594759110091,1,0.07491082045184302
Barack Obama,2,27.37684729064039,29,36,Simplicity,16,0.16,-742.2310087769745,1,0.08917954815695599
Barack Obama,3,115.6545566502463,29,36,Simplicity,18,0.16,-751.6666107364632,1,0.09393579072532697
Barack Obama,4,56.721674876847295,29,36,Simplicity,14,0.16,-752.0894552734084,1,0.13198573127229496
Barack Obama,5,19.885057471264368,29,36,Simplicity,12,0.16,-741.7819836861779,1,0.21284185493460173
Barack Obama,6,50.10344827586207,29,36,Simplicity,11,0.16,-714.4495000791045,1,0.40071343638525553
Barack Obama,7,21.82758620689655,29,36,Simplicity,10,0.16,-717.8192172782585,1,0.40309155766944105
Barack Obama,8,13.724137931034484,29,36,Simplicity,6,0.16,-710.5249893388641,1,0.6385255648038053
Barack Obama,9,19.06896551724138,29,36,Simplicity,7,0.16,-711.1231381625654,1,0.5862068965517243
Abraham Lincoln,1,13.474137931034482,58,36,Simplicity,12,0.16,-1366.0423479865492,1,0.19500594530321053
Abraham Lincoln,2,13.620689655172413,58,36,Simplicity,11,0.16,-1322.1879345875147,1,0.35136741973840663
Abraham Lincoln,3,4.237068965517241,58,36,Simplicity,4,0.16,-1261.610240800254,1,0.7508917954815695
Abraham Lincoln,4,3.9827586206896552,58,36,Simplicity,3,0.16,-1240.1886002282085,1,0.93281807372176
Abraham Lincoln,5,1.0,58,36,Simplicity,1,0.16,-1230.8742260324832,1,1.0
Abraham Lincoln,6,1.0,58,36,Simplicity,1,0.16,-1230.8742260324832,1,1.0
Abraham Lincoln,7,1.0,58,36,Simplicity,1,0.16,-1230.8742260324832,1,1.0
Abraham Lincoln,8,1.0,58,36,Simplicity,1,0.16,-1230.8742260324832,1,1.0
Abraham Lincoln,9,2.0,58,36,Simplicity,2,0.16,-1232.2572609672238,1,0.9661117717003567
Richard Nixon,1,39.763333333333335,50,36,Simplicity,20,0.16,-1286.963990364831,1,0.15680000000000005
Richard Nixon,2,36.01,50,36,Simplicity,12,0.16,-1230.4204653108936,1,0.42480000000000007
Richard Nixon,3,13.84,50,36,Simplicity,6,0.16,-1176.0638123899062,1,0.7775999999999998
Richard Nixon,4,9.41,50,36,Simplicity,5,0.16,-1173.737352031766,1,0.8128
Richard Nixon,5,9.41,50,36,Simplicity,5,0.16,-1177.2868629722284,1,0.8128
Richard Nixon,6,5.96,50,36,Simplicity,4,0.16,-1177.948231391371,1,0.8488
Richard Nixon,7,3.49,50,36,Simplicity,3,0.16,-1172.9829011674062,1,0.8855999999999999
Richard Nixon,8,1.0,50,36,Simplicity,1,0.16,-1164.5119267664895,1,1.0
Richard Nixon,9,2.0,50,36,Simplicity,2,0.16,-1165.8705302237397,1,0.9607999999999999
a salmon,1,22.802,50,36,Simplicity,18,0.16,-1253.009143797906,1,0.09359999999999997
a salmon,2,20.802,50,36,Simplicity,16,0.16,-1235.5397870111644,1,0.14160000000000006
a salmon,3,18.125,50,36,Simplicity,12,0.16,-1222.0400104206096,1,0.20000000000000007
a salmon,4,12.96,50,36,Simplicity,11,0.16,-1205.136521667601,1,0.3808
a salmon,5,8.47,50,36,Simplicity,7,0.16,-1166.3557266649914,1,0.6783999999999998
a salmon,6,5.98,50,36,Simplicity,5,0.16,-1144.8616969640254,1,0.7784
a salmon,7,8.205,50,36,Simplicity,6,0.16,-1146.33586634683,1,0.7439999999999999
a salmon,8,13.84,50,36,Simplicity,6,0.16,-1144.508466932093,1,0.7775999999999998
a salmon,9,5.96,50,36,Simplicity,4,0.16,-1141.7136371249828,1,0.8488
an eagle,1,35.66088674275681,68,36,Simplicity,17,0.16,-1705.0621271785456,1,0.15354671280276808
an eagle,2,10.656862745098039,68,36,Simplicity,10,0.16,-1638.3979885392591,1,0.31444636678200694
an eagle,3,12.433823529411764,68,36,Simplicity,8,0.16,-1598.6895318168997,1,0.3810553633217993
an eagle,4,10.433823529411764,68,36,Simplicity,6,0.16,-1594.035515269305,1,0.47837370242214533
an eagle,5,5.985294117647059,68,36,Simplicity,5,0.16,-1569.0436165113251,1,0.4368512110726642
an eagle,6,4.0,68,36,Simplicity,4,0.16,-1564.7620114103975,1,0.4558823529411764
an eagle,7,3.0,68,36,Simplicity,3,0.16,-1565.6521179860588,1,0.4718858131487889
an eagle,8,4.0,68,36,Simplicity,4,0.16,-1567.4488609454754,1,0.4662629757785467
an eagle,9,4.492647058823529,68,36,Simplicity,4,0.16,-1575.038245719207,1,0.5056228373702422
a seal,1,34.30220734126984,64,36,Simplicity,22,0.16,-1542.8335956116027,1,0.0908203125
a seal,2,22.859375,64,36,Simplicity,14,0.16,-1503.7651212857832,1,0.15625
a seal,3,13.625,64,36,Simplicity,11,0.16,-1493.5527609941564,1,0.19384765625
a seal,4,23.3046875,64,36,Simplicity,11,0.16,-1500.3565820760214,1,0.2138671875
a seal,5,36.1171875,64,36,Simplicity,12,0.16,-1485.7191488415037,1,0.2421875
a seal,6,12.9375,64,36,Simplicity,9,0.16,-1440.4701744317972,1,0.3056640625
a seal,7,12.90625,64,36,Simplicity,7,0.16,-1431.2314318047388,1,0.39208984375
a seal,8,17.84375,64,36,Simplicity,8,0.16,-1434.4782553350483,1,0.31640625
a seal,9,21.3046875,64,36,Simplicity,9,0.16,-1435.9175308741565,1,0.29052734375
an ostrich,1,30.08126126126126,75,36,Simplicity,16,0.16,-1697.6234706181208,1,0.2949333333333333
an ostrich,2,27.78666666666667,75,36,Simplicity,12,0.16,-1587.7794621267167,1,0.6245333333333337
an ostrich,3,13.893333333333334,75,36,Simplicity,6,0.16,-1544.9446414077804,1,0.8478222222222225
an ostrich,4,10.92,75,36,Simplicity,5,0.16,-1533.3177006518517,1,0.8968888888888891
an ostrich,5,10.92,75,36,Simplicity,5,0.16,-1529.4030311337801,1,0.8968888888888891
an ostrich,6,10.92,75,36,Simplicity,5,0.16,-1529.4030311337801,1,0.8968888888888891
an ostrich,7,3.986666666666667,75,36,Simplicity,3,0.16,-1535.4186355056634,1,0.9477333333333335
an ostrich,8,3.986666666666667,75,36,Simplicity,3,0.16,-1529.5042946709923,1,0.9477333333333335
an ostrich,9,10.92,75,36,Simplicity,5,0.16,-1529.7572950364797,1,0.8968888888888891
a whale,1,22.67315315315315,75,36,Simplicity,18,0.16,-1580.4267819058393,1,0.08551111111111112
a whale,2,29.882522522522525,75,36,Simplicity,15,0.16,-1521.0290811831578,1,0.15235555555555555
a whale,3,14.32,75,36,Simplicity,11,0.16,-1490.4100962459302,1,0.19964444444444446
a whale,4,13.440000000000001,75,36,Simplicity,9,0.16,-1444.2541611813442,1,0.37493333333333334
a whale,5,10.96,75,36,Simplicity,8,0.16,-1406.8621348324125,1,0.5075555555555558
a whale,6,10.22,75,36,Simplicity,8,0.16,-1398.8838840077838,1,0.525688888888889
a whale,7,14.879999999999999,75,36,Simplicity,8,0.16,-1389.2702274010576,1,0.5914666666666668
a whale,8,11.440000000000001,75,36,Simplicity,7,0.16,-1379.871689275811,1,0.6501333333333337
a whale,9,11.440000000000001,75,36,Simplicity,7,0.16,-1365.575937095035,1,0.7326222222222225
a chicken,1,29.524444444444445,75,36,Simplicity,19,0.16,-1567.4673643726492,1,0.10968888888888888
a chicken,2,28.086666666666666,75,36,Simplicity,16,0.16,-1514.9365360915558,1,0.1328
a chicken,3,23.880000000000003,75,36,Simplicity,15,0.16,-1495.4443880570795,1,0.13457777777777777
a chicken,4,19.166666666666668,75,36,Simplicity,13,0.16,-1476.2129839198951,1,0.14808888888888888
a chicken,5,14.946666666666667,75,36,Simplicity,11,0.16,-1455.8938322827726,1,0.18186666666666668
a chicken,6,14.92,75,36,Simplicity,9,0.16,-1449.6276333910685,1,0.2096
a chicken,7,14.92,75,36,Simplicity,9,0.16,-1441.9940612204746,1,0.21102222222222228
a chicken,8,13.440000000000001,75,36,Simplicity,9,0.16,-1438.256767621875,1,0.21564444444444447
a chicken,9,8.246666666666666,75,36,Simplicity,8,0.16,-1445.3361636286193,1,0.2145777777777778
a penguin,1,32.8688416988417,75,36,Simplicity,26,0.16,-1857.379743050799,1,0.07057777777777777
a penguin,2,27.157333333333334,75,36,Simplicity,24,0.16,-1803.5649376732906,1,0.14773333333333333
a penguin,3,20.408216216216214,75,36,Simplicity,16,0.16,-1745.3078634954081,1,0.33155555555555555
a penguin,4,39.626666666666665,75,36,Simplicity,12,0.16,-1700.367169855387,1,0.5128888888888891
a penguin,5,8.336576576576578,75,36,Simplicity,6,0.16,-1675.9315782587034,1,0.7336888888888891
a penguin,6,3.986666666666667,75,36,Simplicity,3,0.16,-1643.472652114296,1,0.9477333333333335
a penguin,7,6.96,75,36,Simplicity,4,0.16,-1638.924805917751,1,0.9221333333333335
a penguin,8,6.96,75,36,Simplicity,4,0.16,-1639.4336136294812,1,0.9221333333333335
a penguin,9,2.0,75,36,Simplicity,2,0.16,-1637.5937684253106,1,0.973688888888889
a robin,1,55.80172413793103,58,36,Simplicity,16,0.16,-1234.6618837261337,1,0.12128418549346012
a robin,2,43.46551724137932,58,36,Simplicity,15,0.16,-1218.6691104943175,1,0.1355529131985732
a robin,3,44.44827586206897,58,36,Simplicity,13,0.16,-1183.9607820941674,1,0.21462544589774085
a robin,4,23.741379310344826,58,36,Simplicity,9,0.16,-1158.802658403877,1,0.3186682520808562
a robin,5,23.741379310344826,58,36,Simplicity,9,0.16,-1154.4483605884543,1,0.36266349583828783
a robin,6,11.89655172413793,58,36,Simplicity,6,0.16,-1134.4096580791897,1,0.4351961950059454
a robin,7,16.82758620689655,58,36,Simplicity,7,0.16,-1126.904212755774,1,0.43103448275862066
a robin,8,29.637931034482758,58,36,Simplicity,9,0.16,-1135.9411020058385,1,0.38882282996432826
a robin,9,22.741379310344826,58,36,Simplicity,8,0.16,-1133.1623303425786,1,0.4060642092746731
a finch,1,41.13387607417458,67,36,Simplicity,21,0.16,-1532.7608577718634,1,0.16729783916239702
a finch,2,50.12754409769335,67,36,Simplicity,16,0.16,-1521.9843370405465,1,0.23858320338605485
a finch,3,38.690185436454094,67,36,Simplicity,13,0.16,-1508.7915002273505,1,0.33660057919358444
a finch,4,69.56671189507011,67,36,Simplicity,16,0.16,-1501.6681770097896,1,0.3575406549342839
a finch,5,32.94776119402985,67,36,Simplicity,13,0.16,-1473.7988510498628,1,0.5250612608598794
a finch,6,14.880597014925373,67,36,Simplicity,7,0.16,-1444.7242211277767,1,0.6836711962575183
a finch,7,7.955223880597015,67,36,Simplicity,5,0.16,-1441.5581267678617,1,0.758075295165961
a finch,8,11.91044776119403,67,36,Simplicity,6,0.16,-1436.8644422816872,1,0.7799064379594562
a finch,9,9.432835820895523,67,36,Simplicity,5,0.16,-1433.0223158867857,1,0.8578748050790821
a dolphin,1,17.894736842105264,57,36,Simplicity,12,0.16,-1117.6822799294896,1,0.15297014465989534
a dolphin,2,18.859649122807017,57,36,Simplicity,11,0.16,-1102.7462894742491,1,0.17266851338873496
a dolphin,3,6.0,57,36,Simplicity,6,0.16,-1062.1203983959924,1,0.2791628193290243
a dolphin,4,4.0,57,36,Simplicity,4,0.16,-1009.157106673204,1,0.4853801169590643
a dolphin,5,4.982456140350877,57,36,Simplicity,4,0.16,-990.8215235325783,1,0.6337334564481378
a dolphin,6,2.0,57,36,Simplicity,2,0.16,-966.8257957731283,1,0.8694983071714373
a dolphin,7,2.0,57,36,Simplicity,2,0.16,-942.2277287729005,1,0.9655278547245305
a dolphin,8,2.0,57,36,Simplicity,2,0.16,-942.2277287729005,1,0.9655278547245305
a dolphin,9,2.0,57,36,Simplicity,2,0.16,-942.2277287729005,1,0.9655278547245305
Hillary Clinton,1,66.0925925925926,54,36,Simplicity,18,0.16,-1358.5720648100719,1,0.36419753086419737
Hillary Clinton,2,8.208333333333334,54,36,Simplicity,6,0.16,-1289.4227622456494,1,0.7613168724279834
Hillary Clinton,3,3.0,54,36,Simplicity,3,0.16,-1284.0338757087882,1,0.8600823045267489
Hillary Clinton,4,4.24537037037037,54,36,Simplicity,4,0.16,-1285.963318638951,1,0.826474622770919
Hillary Clinton,5,2.0,54,36,Simplicity,2,0.16,-1276.8055699206584,1,0.9286694101508914
Hillary Clinton,6,2.0,54,36,Simplicity,2,0.16,-1276.8055699206584,1,0.9286694101508914
Hillary Clinton,7,5.962962962962963,54,36,Simplicity,4,0.16,-1278.9136180202906,1,0.8593964334705075
Hillary Clinton,8,3.490740740740741,54,36,Simplicity,3,0.16,-1277.5509420754677,1,0.8936899862825788
Hillary Clinton,9,5.962962962962963,54,36,Simplicity,4,0.16,-1280.4949793833205,1,0.8593964334705075
Donald Trump,1,41.225806451612904,31,36,Simplicity,18,0.16,-808.8101535572221,1,0.09469302809573364
Donald Trump,2,34.596774193548384,31,36,Simplicity,15,0.16,-796.9940805831613,1,0.113423517169615
Donald Trump,3,16.021505376344088,31,36,Simplicity,13,0.16,-796.6899826098555,1,0.13631633714880328
Donald Trump,4,12.935483870967742,31,36,Simplicity,11,0.16,-789.602025021479,1,0.18210197710717999
Donald Trump,5,14.563440860215053,31,36,Simplicity,10,0.16,-796.5772546119898,1,0.18002081165452646
Donald Trump,6,19.92741935483871,31,36,Simplicity,14,0.16,-793.5076796417493,1,0.12591050988553593
Donald Trump,7,19.92741935483871,31,36,Simplicity,14,0.16,-795.1773364141764,1,0.12591050988553593
Donald Trump,8,12.088709677419356,31,36,Simplicity,11,0.16,-794.5714684871607,1,0.1488033298647242
Donald Trump,9,73.54838709677419,31,36,Simplicity,15,0.16,-798.3343458686937,1,0.14255983350676368
Joe Biden,1,22.794871794871796,39,36,Simplicity,15,0.16,-965.6586757402919,1,0.17159763313609477
Joe Biden,2,19.957264957264957,39,36,Simplicity,12,0.16,-950.8255047368621,1,0.34122287968441806
Joe Biden,3,11.846153846153847,39,36,Simplicity,6,0.16,-902.8562550541624,1,0.6449704142011835
Joe Biden,4,7.923076923076923,39,36,Simplicity,5,0.16,-898.8263011238846,1,0.7238658777120317
Joe Biden,5,4.9743589743589745,39,36,Simplicity,4,0.16,-893.6840932781026,1,0.7672583826429982
Joe Biden,6,3.0,39,36,Simplicity,3,0.16,-892.4885534208549,1,0.8119658119658121
Joe Biden,7,3.0,39,36,Simplicity,3,0.16,-892.4885534208549,1,0.8119658119658121
Joe Biden,8,3.4871794871794872,39,36,Simplicity,3,0.16,-895.9107565229718,1,0.8553583168967787
Joe Biden,9,3.9743589743589745,39,36,Simplicity,3,0.16,-885.8528093875465,1,0.9013806706114399
Elizabeth Warren,1,26.935897435897438,39,36,Simplicity,15,0.16,-988.9805284084623,1,0.10979618671926362
Elizabeth Warren,2,12.307692307692308,39,36,Simplicity,8,0.16,-955.6960151825219,1,0.25838264299802755
Elizabeth Warren,3,5.243589743589744,39,36,Simplicity,5,0.16,-927.5409938470802,1,0.43326758711374097
Elizabeth Warren,4,3.0,39,36,Simplicity,3,0.16,-911.7267617560583,1,0.6265614727153189
Elizabeth Warren,5,2.0,39,36,Simplicity,2,0.16,-878.6112343928747,1,0.9026955950032873
Elizabeth Warren,6,5.948717948717949,39,36,Simplicity,4,0.16,-885.7999282845653,1,0.8093359631821172
Elizabeth Warren,7,2.0,39,36,Simplicity,2,0.16,-878.6112343928747,1,0.9026955950032873
Elizabeth Warren,8,3.4871794871794872,39,36,Simplicity,3,0.16,-880.3382689850041,1,0.8553583168967787
Elizabeth Warren,9,2.0,39,36,Simplicity,2,0.16,-879.1485424734041,1,0.9500328731097962
Ronald Reagan,1,26.889138477801268,44,36,Simplicity,20,0.16,-1152.7684144521738,1,0.09090909090909087
Ronald Reagan,2,28.19318181818182,44,36,Simplicity,15,0.16,-1122.7389628819708,1,0.1931818181818183
Ronald Reagan,3,7.9772727272727275,44,36,Simplicity,7,0.16,-1080.7710035110586,1,0.43698347107438007
Ronald Reagan,4,11.863636363636363,44,36,Simplicity,6,0.16,-1063.670170788371,1,0.6477272727272726
Ronald Reagan,5,3.0,44,36,Simplicity,3,0.16,-1059.7912014646454,1,0.7944214876033058
Ronald Reagan,6,6.931818181818182,44,36,Simplicity,4,0.16,-1051.9310215451771,1,0.8698347107438015
Ronald Reagan,7,9.397727272727273,44,36,Simplicity,5,0.16,-1050.418350729784,1,0.7892561983471075
Ronald Reagan,8,9.397727272727273,44,36,Simplicity,5,0.16,-1049.6831275993218,1,0.7892561983471075
Ronald Reagan,9,5.954545454545455,44,36,Simplicity,4,0.16,-1047.7394795785242,1,0.8295454545454545
Bernie Sanders,1,21.538983050847456,59,36,Simplicity,18,0.16,-1427.4175227390788,1,0.11519678253375469
Bernie Sanders,2,18.423728813559322,59,36,Simplicity,14,0.16,-1380.905677966396,1,0.2818155702384373
Bernie Sanders,3,15.14406779661017,59,36,Simplicity,9,0.16,-1318.240714329363,1,0.5926457914392416
Bernie Sanders,4,9.423728813559322,59,36,Simplicity,5,0.16,-1269.2626922302109,1,0.8397012352772192
Bernie Sanders,5,3.4915254237288136,59,36,Simplicity,3,0.16,-1256.6763317254324,1,0.9023269175524276
Bernie Sanders,6,3.4915254237288136,59,36,Simplicity,3,0.16,-1256.6763317254324,1,0.9023269175524276
Bernie Sanders,7,5.966101694915254,59,36,Simplicity,4,0.16,-1261.2873267685309,1,0.8707268026429187
Bernie Sanders,8,3.4915254237288136,59,36,Simplicity,3,0.16,-1256.6763317254324,1,0.9023269175524276
Bernie Sanders,9,3.4915254237288136,59,36,Simplicity,3,0.16,-1256.6763317254324,1,0.9023269175524276
George W. Bush,1,23.681865828092242,54,36,Simplicity,17,0.16,-1374.8036804937396,1,0.10082304526748971
George W. Bush,2,21.58656533892383,54,36,Simplicity,14,0.16,-1358.9302970918939,1,0.13854595336076808
George W. Bush,3,31.346599842767297,54,36,Simplicity,13,0.16,-1334.7570886932103,1,0.22427983539094642
George W. Bush,4,26.13888888888889,54,36,Simplicity,10,0.16,-1296.6841294953215,1,0.4636488340192043
George W. Bush,5,9.416666666666668,54,36,Simplicity,5,0.16,-1252.6359984242242,1,0.8257887517146776
George W. Bush,6,2.0,54,36,Simplicity,2,0.16,-1229.8035645014113,1,0.9636488340192044
George W. Bush,7,3.9814814814814814,54,36,Simplicity,3,0.16,-1226.5765456604581,1,0.92798353909465
George W. Bush,8,1.0,54,36,Simplicity,1,0.16,-1225.005121766907,1,1.0
George W. Bush,9,2.0,54,36,Simplicity,2,0.16,-1225.6271162916812,1,0.9636488340192044
Barack Obama,1,28.03448275862069,29,36,Simplicity,15,0.16,-746.9513462002366,1,0.10820451843043993
Barack Obama,2,20.885057471264368,29,36,Simplicity,13,0.16,-745.8183800234824,1,0.13912009512485143
Barack Obama,3,15.03448275862069,29,36,Simplicity,9,0.16,-737.2660725076527,1,0.26278240190249696
Barack Obama,4,15.03448275862069,29,36,Simplicity,9,0.16,-734.459694190012,1,0.2556480380499406
Barack Obama,5,20.06896551724138,29,36,Simplicity,8,0.16,-730.2967701994673,1,0.30796670630202133
Barack Obama,6,20.06896551724138,29,36,Simplicity,8,0.16,-721.4063459347781,1,0.3365041617122473
Barack Obama,7,20.06896551724138,29,36,Simplicity,8,0.16,-716.4858301958806,1,0.38406658739595706
Barack Obama,8,20.06896551724138,29,36,Simplicity,8,0.16,-716.4858301958806,1,0.38406658739595706
Barack Obama,9,20.06896551724138,29,36,Simplicity,8,0.16,-716.4858301958806,1,0.38406658739595706
Abraham Lincoln,1,19.142241379310345,58,36,Simplicity,13,0.16,-1356.6599420178702,1,0.2086801426872771
Abraham Lincoln,2,9.228145795523291,58,36,Simplicity,8,0.16,-1309.328607542825,1,0.3900118906064209
Abraham Lincoln,3,7.948275862068965,58,36,Simplicity,5,0.16,-1269.1785061323767,1,0.7253269916765757
Abraham Lincoln,4,3.0,58,36,Simplicity,3,0.16,-1255.0738634173906,1,0.8400713436385258
Abraham Lincoln,5,2.0,58,36,Simplicity,2,0.16,-1237.2395252886301,1,0.9661117717003567
Abraham Lincoln,6,1.0,58,36,Simplicity,1,0.16,-1230.8742260324832,1,1.0
Abraham Lincoln,7,2.0,58,36,Simplicity,2,0.16,-1232.2572609672238,1,0.9661117717003567
Abraham Lincoln,8,1.0,58,36,Simplicity,1,0.16,-1230.8742260324832,1,1.0
Abraham Lincoln,9,1.0,58,36,Simplicity,1,0.16,-1230.8742260324832,1,1.0
Richard Nixon,1,23.196683673469387,50,36,Simplicity,16,0.16,-1279.703689579403,1,0.15120000000000008
Richard Nixon,2,17.88,50,36,Simplicity,12,0.16,-1242.266311008299,1,0.31360000000000005
Richard Nixon,3,6.98,50,36,Simplicity,6,0.16,-1201.6846824784643,1,0.6224000000000001
Richard Nixon,4,4.245,50,36,Simplicity,4,0.16,-1182.2790396504754,1,0.8136000000000001
Richard Nixon,5,2.0,50,36,Simplicity,2,0.16,-1171.3354414662638,1,0.9232
Richard Nixon,6,1.0,50,36,Simplicity,1,0.16,-1164.5119267664895,1,1.0
Richard Nixon,7,2.0,50,36,Simplicity,2,0.16,-1167.846796589497,1,0.9607999999999999
Richard Nixon,8,2.0,50,36,Simplicity,2,0.16,-1165.8705302237397,1,0.9607999999999999
Richard Nixon,9,2.0,50,36,Simplicity,2,0.16,-1165.8705302237397,1,0.9607999999999999
a salmon,1,22.48,50,36,Simplicity,18,0.16,-1250.850662823588,1,0.13280000000000006
a salmon,2,15.041666666666668,50,36,Simplicity,13,0.16,-1194.4920654678601,1,0.30160000000000003
a salmon,3,35.01,50,36,Simplicity,11,0.16,-1169.5041552167386,1,0.5015999999999999
a salmon,4,11.92,50,36,Simplicity,8,0.16,-1161.8763632858033,1,0.6168
a salmon,5,9.41,50,36,Simplicity,5,0.16,-1145.2457170064838,1,0.8128
a salmon,6,5.96,50,36,Simplicity,4,0.16,-1141.7136371249828,1,0.8488
a salmon,7,19.25,50,36,Simplicity,7,0.16,-1152.243062606123,1,0.7431999999999997
a salmon,8,5.98,50,36,Simplicity,5,0.16,-1144.8616969640254,1,0.7784
a salmon,9,8.205,50,36,Simplicity,6,0.16,-1146.128905683221,1,0.7439999999999999
an eagle,1,16.925592625109747,68,36,Simplicity,12,0.16,-1641.2336480067452,1,0.3118512110726644
an eagle,2,17.852941176470587,68,36,Simplicity,8,0.16,-1582.8561651749076,1,0.6211072664359863
an eagle,3,5.985294117647059,68,36,Simplicity,5,0.16,-1563.4690251315492,1,0.610294117647059
an eagle,4,4.0,68,36,Simplicity,4,0.16,-1554.4578678030011,1,0.7374567474048442
an eagle,5,4.0,68,36,Simplicity,4,0.16,-1547.6932660812984,1,0.7603806228373703
an eagle,6,3.0,68,36,Simplicity,3,0.16,-1537.9837813533356,1,0.861159169550173
an eagle,7,3.0,68,36,Simplicity,3,0.16,-1528.655350175731,1,0.8879757785467128
an eagle,8,2.0,68,36,Simplicity,2,0.16,-1528.5468958503163,1,0.9156574394463668
an eagle,9,2.0,68,36,Simplicity,2,0.16,-1528.5468958503163,1,0.9156574394463668
a seal,1,34.42553323412699,64,36,Simplicity,17,0.16,-1521.8824484362967,1,0.1611328125
a seal,2,20.859375,64,36,Simplicity,12,0.16,-1492.2446764129772,1,0.34814453125
a seal,3,27.71875,64,36,Simplicity,10,0.16,-1433.8433997931984,1,0.390625
a seal,4,9.21484375,64,36,Simplicity,7,0.16,-1416.9316765329445,1,0.4345703125
a seal,5,7.953125,64,36,Simplicity,5,0.16,-1410.9476337760116,1,0.482421875
a seal,6,4.984375,64,36,Simplicity,4,0.16,-1410.7978682514852,1,0.50927734375
a seal,7,4.984375,64,36,Simplicity,4,0.16,-1401.6211580179033,1,0.55224609375
a seal,8,4.984375,64,36,Simplicity,4,0.16,-1396.4162394914372,1,0.61083984375
a seal,9,3.0,64,36,Simplicity,3,0.16,-1401.9930156049181,1,0.63427734375
an ostrich,1,39.91769547325103,81,36,Simplicity,20,0.16,-1830.2552978274844,1,0.14738606919676872
an ostrich,2,40.654320987654316,81,36,Simplicity,13,0.16,-1777.4001423715079,1,0.2437128486511201
an ostrich,3,39.654320987654316,81,36,Simplicity,12,0.16,-1761.5424393072053,1,0.3080323121475384
an ostrich,4,23.814814814814813,81,36,Simplicity,9,0.16,-1713.3417686970697,1,0.4516079865874103
an ostrich,5,16.876543209876544,81,36,Simplicity,7,0.16,-1695.6440696869745,1,0.5628715134887976
an ostrich,6,11.925925925925926,81,36,Simplicity,6,0.16,-1681.8366437784707,1,0.635421429660113
an ostrich,7,7.962962962962963,81,36,Simplicity,5,0.16,-1666.6542542414165,1,0.7204694406340497
an ostrich,8,16.876543209876544,81,36,Simplicity,7,0.16,-1667.0557691207862,1,0.7530864197530867
an ostrich,9,7.962962962962963,81,36,Simplicity,5,0.16,-1663.222855487444,1,0.8164913885078495
a whale,1,25.639992088607595,80,36,Simplicity,18,0.16,-1692.9682828446216,1,0.09499999999999997
a whale,2,16.27670094936709,80,36,Simplicity,14,0.16,-1647.3267172884807,1,0.1265625
a whale,3,13.48125,80,36,Simplicity,12,0.16,-1623.1227110765699,1,0.17812499999999995
a whale,4,13.221875,80,36,Simplicity,11,0.16,-1601.0161223223092,1,0.2246875
a whale,5,10.975,80,36,Simplicity,9,0.16,-1588.667632945971,1,0.2378125
a whale,6,6.0,80,36,Simplicity,6,0.16,-1544.8181105529566,1,0.3259375
a whale,7,5.0,80,36,Simplicity,5,0.16,-1509.4285129654018,1,0.3975
a whale,8,5.0,80,36,Simplicity,5,0.16,-1510.4114104172845,1,0.3971875
a whale,9,5.49375,80,36,Simplicity,5,0.16,-1507.6486356469002,1,0.44125
a chicken,1,36.264178665883044,83,36,Simplicity,20,0.16,-1708.296422069985,1,0.13833647844389604
a chicken,2,18.116465863453815,83,36,Simplicity,14,0.16,-1606.4417060314936,1,0.20917404557991
a chicken,3,30.783132530120483,83,36,Simplicity,13,0.16,-1581.7530132786414,1,0.23239947742778339
a chicken,4,22.349397590361445,83,36,Simplicity,10,0.16,-1566.4583785373375,1,0.25010886921178693
a chicken,5,22.349397590361445,83,36,Simplicity,10,0.16,-1552.4924333914057,1,0.2797212948178255
a chicken,6,22.349397590361445,83,36,Simplicity,10,0.16,-1554.2834866892156,1,0.3061402235447815
a chicken,7,8.975903614457831,83,36,Simplicity,7,0.16,-1545.7514838725715,1,0.366236028451154
a chicken,8,9.963855421686747,83,36,Simplicity,7,0.16,-1543.3054453551883,1,0.3743649295979097
a chicken,9,13.927710843373493,83,36,Simplicity,8,0.16,-1538.1640974564011,1,0.3534620409348236
a penguin,1,34.44189189189189,75,36,Simplicity,22,0.16,-1823.987015561734,1,0.10968888888888886
a penguin,2,35.26522522522523,75,36,Simplicity,20,0.16,-1768.4342562920729,1,0.23128888888888885
a penguin,3,21.256306306306307,75,36,Simplicity,14,0.16,-1715.0671411217922,1,0.5079111111111113
a penguin,4,33.17333333333333,75,36,Simplicity,9,0.16,-1669.0408393359407,1,0.7763555555555556
a penguin,5,3.986666666666667,75,36,Simplicity,3,0.16,-1636.8866129986773,1,0.9477333333333335
a penguin,6,2.0,75,36,Simplicity,2,0.16,-1635.7196432510832,1,0.973688888888889
a penguin,7,1.0,75,36,Simplicity,1,0.16,-1636.3230110256304,1,1.0
a penguin,8,2.0,75,36,Simplicity,2,0.16,-1635.7196432510832,1,0.973688888888889
a penguin,9,2.0,75,36,Simplicity,2,0.16,-1635.7196432510832,1,0.973688888888889
a robin,1,48.36795787961283,58,36,Simplicity,16,0.16,-1229.7647882340193,1,0.12604042806183116
a robin,2,18.89655172413793,58,36,Simplicity,13,0.16,-1200.613933461694,1,0.1854934601664686
a robin,3,15.862068965517242,58,36,Simplicity,8,0.16,-1164.878703597827,1,0.28596908442330565
a robin,4,17.82758620689655,58,36,Simplicity,8,0.16,-1154.1037949210343,1,0.3043995243757432
a robin,5,12.89655172413793,58,36,Simplicity,7,0.16,-1155.1495555262093,1,0.34542211652794297
a robin,6,8.948275862068964,58,36,Simplicity,6,0.16,-1148.441263779736,1,0.3519619500594531
a robin,7,8.948275862068964,58,36,Simplicity,6,0.16,-1143.9371515064327,1,0.38168846611177165
a robin,8,12.89655172413793,58,36,Simplicity,7,0.16,-1144.1219015800057,1,0.43519619500594536
a robin,9,8.948275862068964,58,36,Simplicity,6,0.16,-1136.755028216003,1,0.530321046373365
a finch,1,52.19380370872908,67,36,Simplicity,20,0.16,-1560.4441443314674,1,0.14145689463132105
a finch,2,89.74626865671642,67,36,Simplicity,19,0.16,-1535.139917595776,1,0.1588327021608376
a finch,3,37.96449570330167,67,36,Simplicity,17,0.16,-1532.6429030460724,1,0.17620850969035423
a finch,4,32.37228001407106,67,36,Simplicity,16,0.16,-1515.8668110793328,1,0.21630652706616177
a finch,5,27.598648173275038,67,36,Simplicity,15,0.16,-1505.838900610251,1,0.29694809534417466
a finch,6,20.386702849389415,67,36,Simplicity,13,0.16,-1483.062252322548,1,0.46268656716417916
a finch,7,10.701266395296246,67,36,Simplicity,8,0.16,-1457.0273987033822,1,0.6337714413009577
a finch,8,14.880597014925373,67,36,Simplicity,7,0.16,-1443.924237419611,1,0.7531744263755844
a finch,9,15.850746268656716,67,36,Simplicity,6,0.16,-1430.2861948040752,1,0.8574292715526841
a dolphin,1,16.929824561403507,57,36,Simplicity,13,0.16,-1110.512602472734,1,0.1271160357032933
a dolphin,2,8.25407268170426,57,36,Simplicity,8,0.16,-1068.5481594185228,1,0.36780547860880275
a dolphin,3,6.964912280701754,57,36,Simplicity,5,0.16,-990.4939639289222,1,0.6017236072637735
a dolphin,4,4.491228070175438,57,36,Simplicity,4,0.16,-983.0849172847761,1,0.7482302246845184
a dolphin,5,3.4912280701754383,57,36,Simplicity,3,0.16,-950.943831156397,1,0.8990458602646967
a dolphin,6,2.0,57,36,Simplicity,2,0.16,-953.6790269024887,1,0.9322868574946137
a dolphin,7,3.4912280701754383,57,36,Simplicity,3,0.16,-950.943831156397,1,0.8990458602646967
a dolphin,8,3.4912280701754383,57,36,Simplicity,3,0.16,-950.943831156397,1,0.8990458602646967
a dolphin,9,3.4912280701754383,57,36,Simplicity,3,0.16,-956.7430736808903,1,0.8990458602646967
